--USERS--
INSERT INTO users VALUES("5ae1823bcc5648bd9e5bf6602ae397d6", "elonmusk", "Elon Musk", "elonmuskpass", "elonmusk@mail.com", "", "e265f79e1e4b4469a11bde9717b7162b", "1243814400", "1243814400", "5ae1823bcc5648bd9e5bf6602ae397d6.jpg", "ad3b5a9a8fe3471d814ff845b9671cc0.jpg", "", "", "", "", "128900000", "177", "22900", True, "active");
INSERT INTO users VALUES("63bfa35aa8204270a6480557fddf9069", "shakira", "Shakira", "shakirapass", "shakira@mail.com", "", "9feb12d3732e4f32bfdf9c37a732541f", "1246406399", "1246406399", "63bfa35aa8204270a6480557fddf9069.jpg", "76a574041471471bb7a806ed197198aa.jpg", "MONOTONÍA YA DISPONIBLE", "Barranquilla", "linktr.ee/shakira", "November 30, 1998", "537000000", "235", "8002", True, "active");
INSERT INTO users VALUES("96e7977bdaab4f0abe84e7ac18a864ec", "BLACKPINK", "BLACKPINKOFFICIAL", "blackpinkpass", "blackpink@mail.com",  "", "187d76aec40b44c1bf1df636a9cfe000", "1590969600", "1590969600", "96e7977bdaab4f0abe84e7ac18a864ec.jpg", "0684090441a743e6ba92eb42b4ee8816.jpg", "BLΛƆKPIИK", "", "lnk.to/YG_BLACKPINK", "", "8500000", "0", "892", True, "active");
INSERT INTO users VALUES("a3fb674a90c84918968c2425e21e1a4e", "cat_auras", "cat with confusing auras.", "cat_auraspass", "cat_auras@mail.com", "", "a1780a8149dc45148cea5405c6adcbc4", "1654041600", "1654041600", "a3fb674a90c84918968c2425e21e1a4e.jpg", "0f0cb4cb07424f1ea0d0e87705cb1745.jpg", "Even cat can confuse “us”. | dm for credit or removal.", "", "catauras.com", "", "1600000", "15", "167", True, "active");
INSERT INTO users VALUES("b3094c2f1c144817b7cc0b718fc3c644", "my_name_cleo", "Cleo", "my_name_cleopass", "my_name_cleo@mail.com", "", "046032e204ef4a0a8a76083f14485d54", "1677605053", "1677605053", "b3094c2f1c144817b7cc0b718fc3c644.jpg", "8e89394382ca44d2bb3cc45d067c2a7e.jpg", "I am a happy doge", "", "https://www.instagram.com/my_name_cleo/", "", "126", "0", "0", False, "inactive");


--TRENDS--
INSERT INTO trends VALUES("882f3de5c2e5450eaf6e59c14be1db70", "Ahri", "17100");
INSERT INTO trends VALUES("7a90e16350074cf7a15fba48113c4046", "#AssassinsCreed", "1380");
INSERT INTO trends VALUES("43ace034564c42788169ac18aaf601f5", "Suicide Squad", "2982");
INSERT INTO trends VALUES("2a9470bc61314187b19d7190b76cd535", "Slack", "6869");
INSERT INTO trends VALUES("c9773e2bb68647039a7a40c2ee7d4716", "Twitch", "315000");


--TWEETS--
  --11 elon musk tweets
INSERT INTO tweets VALUES(
"500151d40e26414f82b9aca854c5a059",
"34c69b02ab0b4fa284ba18c5585b336c",
"5ae1823bcc5648bd9e5bf6602ae397d6",
"1676834368",
"0",
"",
"65786",
"237100",
"16400",
"46900000",
"",
"default"
);
INSERT INTO tweets VALUES(
"3c417a8c92d244dc80e7b2c2a5def367",
"d3ccf6b6bfdc47f1ac643f6055273a7e",
"5ae1823bcc5648bd9e5bf6602ae397d6",
"1676819968",
"0",
"All things in moderation, 
especially content moderation",
"10000",
"85700",
"8082",
"29700000",
"",
"default");
INSERT INTO tweets VALUES(
"4d2db7af8d02411b831bcb0064de19ca",
"1e9a875c71eb4b9dac167899b93d2ede",
"5ae1823bcc5648bd9e5bf6602ae397d6",
"1676812768",
"0",
"BingChatGPT reminds me of Lucky in Waiting for Godot",
"4125",
"63000",
"4301",
"31300000",
"",
"default");
INSERT INTO tweets VALUES(
"1b45faeadfb046f4a90c0c151b86ca6a",
"8b55960f5f4a4c53a6652767d718dff7",
"5ae1823bcc5648bd9e5bf6602ae397d6",
"1676798368",
"0",
"",
"14600",
"461400",
"31500",
"58200000",
"",
"default");
INSERT INTO tweets VALUES(
"4b88a9d72171459ca1b4690d1a8c3792",
"c40d9884221d4305b8b37b003d77914b",
"5ae1823bcc5648bd9e5bf6602ae397d6",
"1676719168",
"0",
"Surround your house with treadmills set to jogging speed to stop walking dead ur welcome",
"17300",
"462500",
"36800",
"65600000",
"",
"default");
INSERT INTO tweets VALUES(
"58838f22d6be43ffae7d73585d5e2b76",
"3fd14b169c0045d6a83714a942653438",
"5ae1823bcc5648bd9e5bf6602ae397d6",
"1676704768",
"0",
"Interesting",
"10800",
"173700",
"17800",
"45900000",
"",
"default");
INSERT INTO tweets VALUES(
"b7d54f24ac224981b41d33c68fc54323",
"0ba0f3e6ab9b48e4ae87139683a1ae26",
"5ae1823bcc5648bd9e5bf6602ae397d6",
"1676701168",
"0",
"",
"5991",
"120600",
"8351",
"36400000",
"",
"default");
INSERT INTO tweets VALUES(
"5bd98366765342579e9d15cc4b71b6a8",
"5053e2ce9f034d259d9631972407e24a",
"5ae1823bcc5648bd9e5bf6602ae397d6",
"1676629168",
"0",
"Note: if many people who you follow or like also follow me, it is highly probable that the algorithm will recommend my tweets. It’s not super sophisticated.

In coming months, we will offer the ability to adjust the algorithm to closer match what is most compelling to you.",
"10400",
"161800",
"11500",
"36600000",
"",
"default");
INSERT INTO tweets VALUES(
"5e7c131e977646b491c8e06d7852c12d",
"f9dc8faf012447538e746b15f6505986",
"5ae1823bcc5648bd9e5bf6602ae397d6",
"1676625568",
"0",
"What we need is TruthGPT",
"21300",
"297300",
"29600",
"49100000",
"",
"default");
INSERT INTO tweets VALUES(
"6de4cffad29d4b23a7e30e7f6688bfbd",
"79081b8132214ccfbd0c8e7c5c1dbf74",
"5ae1823bcc5648bd9e5bf6602ae397d6",
"1676621968",
"0",
"Sorry for showing you so many irrelevant & annoying ads on Twitter! 

We're taking the (obvious) corrective action of tying ads to keywords & topics in tweets, like Google does with search.

This will improve contextual relevance dramatically.",
"7720",
"126700",
"8218",
"67000000",
"",
"default");
INSERT INTO tweets VALUES(
"d14d81bdc33d4953b0acec2867a899c7",
"f449a2d763a4429ab482890e80836beb",
"5ae1823bcc5648bd9e5bf6602ae397d6",
"1676607568",
"0",
"ChatGPT to the mainstream media",
"9747",
"325300",
"26900",
"60700000",
"",
"default");
INSERT INTO tweets VALUES(
"b66b072968e84e98b67d342e4c92a5ef",
"9ae200950eed41668221be7e09a3f6f6",
"5ae1823bcc5648bd9e5bf6602ae397d6",
"1676467168",
"0",
"He's great with numbers!",
"14900",
"614200",
"40100",
"80600000",
"",
"default");

--11 shakira tweets
INSERT INTO tweets VALUES(
"0355140a4ddf4601b472918a34e70684",
"220b3ad490fb4909b9665b7d974a536e",
"63bfa35aa8204270a6480557fddf9069",
"1672492768",
"0",
"Música y amistad, la mejor combinación",
"1791",
"69400",
"2442",
"5000000",
"",
"default");
INSERT INTO tweets VALUES(
"9c5a606cea5e4f83ac7212d546f663c0",
"6f7ba09da87146389daf2c205f82ccf8",
"63bfa35aa8204270a6480557fddf9069",
"1672406368",
"0",
"Estou contigo Brazil.",
"2833",
"214600",
"9570",
"69000000",
"",
"default");
INSERT INTO tweets VALUES(
"40adb4f73536454aa083ab2d016f639a",
"f51ff35d0c9c49d5855f2291039ac2f7",
"63bfa35aa8204270a6480557fddf9069",
"1671974368",
"0",
"In the desert this Christmas, searching for serenity. En el desierto buscando la serenidad en esta navidad.",
"1177",
"12700",
"3980",
"5100000",
"",
"default");
INSERT INTO tweets VALUES(
"0a1ec9740bc1473f981d6a396ddd5b58",
"00aac862c88746419a612ab96e21a0bc",
"63bfa35aa8204270a6480557fddf9069",
"1671887968",
"0",
"Thanks for all the love and support you gave me and my kids during this year. I wish you a sweet holiday. Here's to a 2023 that's filled with peace and hope.",
"780",
"33400",
"1535",
"21000000",
"",
"default");
INSERT INTO tweets VALUES(
"8382c24d21a94d2fa252b07da288f070",
"f6b4ab3e302e4458814e12cfcb016dbe",
"63bfa35aa8204270a6480557fddf9069",
"1671376768",
"0",
"Today at the final of the World Cup, I only hope the players on the field and the whole world remembers that there’s a man and fellow footballer called Amir Nasr, on death row, only for speaking in favor of Women's rights.",
"3292",
"573500",
"151400",
"24000000",
"",
"default");
INSERT INTO tweets VALUES(
"0abb3835b51a44c28e7c931f524d4329",
"14fdcf07fe43435a8770d909f673c2bd",
"63bfa35aa8204270a6480557fddf9069",
"1670685568",
"0",
"This time for Africa!!",
"11200",
"1100000",
"204100",
"1",
"",
"default");
INSERT INTO tweets VALUES(
"e165daf4ec884838bd47eb0da9a1f000",
"dee930956fa64c939439b94df484f420",
"63bfa35aa8204270a6480557fddf9069",
"1667315968",
"0",
"Is this so pathetic that I'm eating my kids candy?",
"956",
"27300",
"1195",
"1",
"",
"default");
INSERT INTO tweets VALUES(
"198c648b70304d7483c0e10fa1c5525c",
"aa5b029f394e42b3b67cfcb2c4706862",
"63bfa35aa8204270a6480557fddf9069",
"1667229568",
"0",
"De porrista a súper héroe. Por cierto la mujer maravilla fue mi primer disfraz! Halloween, la excusa perfecta para sublimar deseos de infancia! ",
"976",
"57700",
"3350",
"1",
"",
"default");
INSERT INTO tweets VALUES(
"a62046b4a2054d9f99608931ef29c4d5",
"536d66f347ae41ffb32d39eb41d2e5f0",
"63bfa35aa8204270a6480557fddf9069",
"1666192768",
"0",
"Gracias por la camiseta Ozu!  And happy launch day!",
"557",
"41100",
"1797",
"1",
"",
"default");
INSERT INTO tweets VALUES(
"b6173e050d4d4aa9a1fda4eb675f6221",
"915bdeb6ad02469795f4cd0b2849b713",
"63bfa35aa8204270a6480557fddf9069",
"1665501568",
"0",
"My heart is with Mahsa Amini's family and with the women and schoolgirls of Iran and all those fighting for freedom of expression.",
"7931",
"119800",
"36600",
"1",
"",
"default");
INSERT INTO tweets VALUES(
"576ba96baaaf47c481b664fce91d27af",
"ee78c76982f24529a23b8d035a73f2d6",
"63bfa35aa8204270a6480557fddf9069",
"1660144768",
"0",
"Perteneciste a una raza antigua. De pies descalzos y de sueños blancos…",
"3326",
"164000",
"21100",
"1",
"",
"default");

--11 blackpink tweets
INSERT INTO tweets VALUES(
"9a8280289f5547369e7cddbeb1a9aded",
"c65f96169a9443039293059acab30a77",
"96e7977bdaab4f0abe84e7ac18a864ec",
"1676647168",
"0",
"BLACKPINK TOUR MERCH RESTOCK",
"603",
"33300",
"4497",
"1000000",
"",
"default");
INSERT INTO tweets VALUES(
"8b0fbf87efbb4e478a27c804e54b3cb3",
"7b195f2e8a774e678e291a11b988493b",
"96e7977bdaab4f0abe84e7ac18a864ec",
"1676639968",
"0",
"BLACKPINK [BORN PINK] VINYL",
"703",
"26900",
"4100",
"812400",
"",
"default");
INSERT INTO tweets VALUES(
"47b32482e78e48d093579c3f683132e1",
"f31dff6daae04b099e2c3379deff6630",
"96e7977bdaab4f0abe84e7ac18a864ec",
"1675430368",
"0",
"Abu Dhabi, you guys were just🔥 We had so much fun on stage and the night was just so beautiful✨ Hope to do this all over again soon!",
"316",
"62300",
"12600",
"13000000",
"",
"default");
INSERT INTO tweets VALUES(
"bccee4843924480eb2d6931306d8fe78",
"04c9877d60a14428a19fb0c704948164",
"96e7977bdaab4f0abe84e7ac18a864ec",
"1675257568",
"0",
"#BLACKPINK WORLD TOUR [BORN PINK] AUSTRALIA POSTER",
"485",
"47300",
"8965",
"13000000",
"",
"default");
INSERT INTO tweets VALUES(
"e596244e073542c79d35725493086937",
"a3168493f54d4ca0a326605d727238a3",
"96e7977bdaab4f0abe84e7ac18a864ec",
"1674479968",
"0",
"#BLACKPINK 'Shut Down' DANCE PERFORMANCE VIDEO HITS 100 MILLION VIEWS",
"499",
"63600",
"15600",
"12000000",
"",
"default");
INSERT INTO tweets VALUES(
"3f335349141f44a494c316ad9ae221fd",
"1cf710237b954724b69351a6de5312b2",
"96e7977bdaab4f0abe84e7ac18a864ec",
"1674134368",
"0",
"#BLACKPINK 2nd VINYL LP [BORN PINK] -LIMITED EDITION-
Detail page notice has been uploaded",
"402",
"51000",
"9205",
"17000000",
"",
"default");
INSERT INTO tweets VALUES(
"5f7b3fff1dc24e7191bc979469b8b96c",
"cc4a63b54c034ac5b535b33fb08d027d",
"96e7977bdaab4f0abe84e7ac18a864ec",
"1674047968",
"0",
"Three days haven't felt so short! We certainly had a blast with our Hong Kong fans this week🔥
Thank you so much for these unforgettable memories. Love you all!❤️",
"317",
"78300",
"16800",
"15000000",
"",
"default");
INSERT INTO tweets VALUES(
"8d92eace86dc43a38170ce37b1d8be7f",
"bbc8ea69dc494af9b46dc1f1f7916c20",
"96e7977bdaab4f0abe84e7ac18a864ec",
"1673875168",
"0",
"#BLACKPINK '불장난 (PLAYING WITH FIRE)' M/V HITS 800 MILLION VIEWS",
"408",
"56100",
"14300",
"970100",
"",
"default");

INSERT INTO tweets VALUES(
"87b42f1e8a104867b46156b54321d2c8",
"05e5136aa078412199a43781f151a4a6",
"96e7977bdaab4f0abe84e7ac18a864ec",
"1673788768",
"0",
"HAPPY BIRTHDAY JENNIE 🎉
✅2023.01.16",
"7730",
"251600",
"101800",
"48000000",
"",
"default");
INSERT INTO tweets VALUES(
"cc0613085c4c4cb5936e6fe80ccbee29",
"c7506a8a76f84a839f4610cd6fc7a382",
"96e7977bdaab4f0abe84e7ac18a864ec",
"1673443168",
"0",
"BLACKPINK COACHELLA HEADLINER ANNOUNCEMENT POSTER",
"2023",
"152700",
"55600",
"48000000",
"",
"default");


--11 cat auras tweets
INSERT INTO tweets VALUES(
"d908a55a28e046fabfd3f17c0df4a6dd",
"71bd7c490d6e4f48890229f10a9b6943",
"a3fb674a90c84918968c2425e21e1a4e",
"1676923228",
"0",
"Sunny ☀️",
"72",
"41100",
"3652",
"635400",
"",
"default");
INSERT INTO tweets VALUES(
"60e8710079ef4270ab58b2a899f830ea",
"fdb0b26ac05f4a88bf42a5562538cb75",
"a3fb674a90c84918968c2425e21e1a4e",
"1676908828",
"0",
"",
"106",
"50500",
"7055",
"11000000",
"",
"default");
INSERT INTO tweets VALUES(
"369cf2b563854d329454fe4e1cd50180",
"c73209b449384a79aef88ba66977cf21",
"a3fb674a90c84918968c2425e21e1a4e",
"1676883628",
"0",
"",
"281",
"135800",
"18200",
"38000000",
"",
"default");
INSERT INTO tweets VALUES(
"2e0dcbb08cb640159473613c9c3ea846",
"673c758ca8014fc281525960d41f20ba",
"a3fb674a90c84918968c2425e21e1a4e",
"1676854828",
"0",
"",
"186",
"133900",
"15700",
"36000000",
"",
"default");
INSERT INTO tweets VALUES(
"c292b44280144e4c90c478d4cd918963",
"9fc97e2bc24148ca86d7bb4481e3649b",
"a3fb674a90c84918968c2425e21e1a4e",
"1676812768",
"0",
"",
"108",
"136200",
"13400",
"36000000",
"",
"default");
INSERT INTO tweets VALUES(
"3f94b2e783d64cbfbf02ca02930c2cb6",
"162b6aa2f25e4307b4fb6ae2256ea341",
"a3fb674a90c84918968c2425e21e1a4e",
"1676805568",
"0",
"",
"255",
"173700",
"22800",
"54000000",
"",
"default");
INSERT INTO tweets VALUES(
"c1ddc98ab86e4f3dab760ad3de5f2c6c",
"806075ece35c463bb5b8b641e04e8e30",
"a3fb674a90c84918968c2425e21e1a4e",
"1676719168",
"0",
"",
"449",
"283400",
"44200",
"89000000",
"",
"default");
INSERT INTO tweets VALUES(
"2dc09c9d72cf439486e1132a8d5b715c",
"1a3e86ed53b444ed9865ba63944e918d",
"a3fb674a90c84918968c2425e21e1a4e",
"1676546368",
"0",
"Hide and seek",
"250",
"133100",
"14700",
"35000000",
"",
"default");
INSERT INTO tweets VALUES(
"d6b67fc55de147ae8889f0d6187dcc50",
"34970bc478b54cb387885239134385df",
"a3fb674a90c84918968c2425e21e1a4e",
"1676459968",
"0",
"mood",
"666",
"365200",
"61000",
"11000000",
"",
"default");
INSERT INTO tweets VALUES(
"1cde54c0b01444f0940c5422ad679381",
"b9fb231255e74670b0dc08b595e17636",
"a3fb674a90c84918968c2425e21e1a4e",
"1676287168",
"0",
"Me and you 🤍",
"2516",
"312100",
"41300",
"103000000",
"",
"default");
INSERT INTO tweets VALUES(
"447ae99181ca45718fffbb2001c3f059",
"6f5f256f71884f4fb5656b84097f02fb",
"a3fb674a90c84918968c2425e21e1a4e",
"1676114368",
"0",
"meow",
"154",
"15300",
"3640",
"12000000",
"",
"default");

--cleo image tweets

--2 images
INSERT INTO tweets VALUES(
"930afbfbac414b0b86ba12e729851e9e",
"d6517288b0a04e298c69646b10bb6d45",
"b3094c2f1c144817b7cc0b718fc3c644",
"1684791456",
"0",
"2 images",
"0",
"0",
"0",
"0",
"",
"default");
--3 images
INSERT INTO tweets VALUES(
"ea7619edbb3c45baaabadae28284ccd7",
"7dca2077157f4f6a87cd161f39699202",
"b3094c2f1c144817b7cc0b718fc3c644",
"1684791447",
"0",
"3 images",
"0",
"0",
"0",
"0",
"",
"default");
--4 images
INSERT INTO tweets VALUES(
"c448657ea0c147ae8fe96e52259ae4f1",
"ac0d55a60cf1423fb2379b3fd3c7ac76",
"b3094c2f1c144817b7cc0b718fc3c644",
"1684775108",
"0",
"4 images",
"0",
"0",
"0",
"0",
"",
"default");

--TWEET IMAGES--
--2 images
--cleo img 1
INSERT INTO tweet_images VALUES(
"97b6dda4bc6a4385a11aee583eea2bfb",
"930afbfbac414b0b86ba12e729851e9e",
"fdb40744451c42b9b9b2a7783c74d612.jpg",
0,
"1684791456"
);
--cleo img 2
INSERT INTO tweet_images VALUES(
"3891efbc4b624ae4953af7ee4b34f912",
"930afbfbac414b0b86ba12e729851e9e",
"afe45385e58142b8ad97352dcbf2357b.jpg",
1,
"1684791456"
);

--3 images
--cleo img 1
INSERT INTO tweet_images VALUES(
"8198acaeced34d74a36e4e0c1dafeb25",
"ea7619edbb3c45baaabadae28284ccd7",
"a95f2d8bc71d49f683cf0454e353313c.jpg",
0,
"1684791447"
);
--cleo img 2
INSERT INTO tweet_images VALUES(
"f5c2e26f6272468293aac3f124646ac4",
"ea7619edbb3c45baaabadae28284ccd7",
"f1b3379a3ae8464b9c17d0c2f3036563.jpg",
1,
"1684791447"
);
--cleo img 3
INSERT INTO tweet_images VALUES(
"b7e2861999034a6082969ff894201759",
"ea7619edbb3c45baaabadae28284ccd7",
"616987ec6c1249abb9e77b340870c0ae.jpg",
2,
"1684791447"
);
--4 images
--cleo img 1
INSERT INTO tweet_images VALUES(
"9ee51d54b2a543398ca60d39bee836c8",
"c448657ea0c147ae8fe96e52259ae4f1",
"904ec11f3ee54c38a4db0fb1083ba98f.jpg",
0,
"1684775108"
);
--cleo img 2
INSERT INTO tweet_images VALUES(
"ad2e4fafd91a4fdd85218a52375f429c",
"c448657ea0c147ae8fe96e52259ae4f1",
"857061796b524905992dad4262b85409.jpg",
1,
"1684775108"
);
--cleo img 3
INSERT INTO tweet_images VALUES(
"7a6b1ecc22e542dbb01494032ea333bc",
"c448657ea0c147ae8fe96e52259ae4f1",
"80c60357741d4aa59600eaf1d5b949e6.jpg",
2,
"1684775108"
);
--cleo img 4
INSERT INTO tweet_images VALUES(
"d7f1eb1390bb4c4da5d2146d00b2937f",
"c448657ea0c147ae8fe96e52259ae4f1",
"cb6d0e1e2b03493c95ebf63dc4c6d7d8.jpg",
3,
"1684775108"
);

INSERT INTO tweet_images VALUES(
"eb7415d6efec4f6d8099cb6de949218c",
"500151d40e26414f82b9aca854c5a059",
"00b087641d6e4c8b955564a6c8c3bb86.jpg",
0,
"1676834368"
);
INSERT INTO tweet_images VALUES(
"3ed6be65e1464998a92c7a4dda011810",
"3c417a8c92d244dc80e7b2c2a5def367",
"ea9cedd1220342dc8d4f9d76e823b958.jpg",
0,
"1676819968"
);
INSERT INTO tweet_images VALUES(
"02217f4997544b77aaf7c6266ee5f295",
"1b45faeadfb046f4a90c0c151b86ca6a",
"de2351efcc294e2d8796d5d8cf2a7631.jpg",
0,
"1676798368"
);
INSERT INTO tweet_images VALUES(
"4dbb5c61880e4203ad408faf88b799c0",
"4b88a9d72171459ca1b4690d1a8c3792",
"0f8ee582f1a24f3397191c564ef83393.jpg",
0,
"1676719168"
);
INSERT INTO tweet_images VALUES(
"fe2e1d53ec1e41a79e34d0fa0001bf5c",
"58838f22d6be43ffae7d73585d5e2b76",
"d00e6595f9bc47558c45f30bd34a66d0.jpg",
0,
"1676704768"
);
INSERT INTO tweet_images VALUES(
"a7fc853fb9ca4adb81167798ed82c8ac",
"b7d54f24ac224981b41d33c68fc54323",
"9323fd150fd84cf9991f38017db33d4d.jpg",
0,
"1676701168"
);
INSERT INTO tweet_images VALUES(
"3e940b31d75c49aea51d5262224a02e3",
"d14d81bdc33d4953b0acec2867a899c7",
"94df910b1d774b6bae0bbd314f6be012.jpg",
0,
"1676607568"
);
INSERT INTO tweet_images VALUES(
"05f88adc4282407ba9aa01cbd89216df",
"b66b072968e84e98b67d342e4c92a5ef",
"94c438d98f2940cc8f8e711f4227458d.jpg",
0,
"1676467168"
);
INSERT INTO tweet_images VALUES(
"8954c33aa3fd4ba1b79c05e02b1af3fd",
"0355140a4ddf4601b472918a34e70684",
"f4127dbd14fe42b5ac5d856d1f5a207e.jpg",
0,
"1672492768"
);
INSERT INTO tweet_images VALUES(
"186dc3aa1b9f4d0db137ee0852a0c4c7",
"40adb4f73536454aa083ab2d016f639a",
"f7036717e88d499c8e1b727fd5befbf2.jpg",
0,
"1671974368"
);
INSERT INTO tweet_images VALUES(
"f163c4e7111c4e9f8a5716d697effe70",
"0a1ec9740bc1473f981d6a396ddd5b58",
"0f9fe9d6487e4374855565e5a42a3d05.jpg",
0,
"1671887968"
);
INSERT INTO tweet_images VALUES(
"5947237d40384dec8638cabab704bcff",
"8382c24d21a94d2fa252b07da288f070",
"fc0f8c2cce82492f87fd932b43203441.jpg",
0,
"1671376768"
);
INSERT INTO tweet_images VALUES(
"1cb4e361f92b4c9cb98c9b31470f7ee0",
"e165daf4ec884838bd47eb0da9a1f000",
"4b4e450df49847bfb778df8620dafb83.jpg",
0,
"1667315968"
);
INSERT INTO tweet_images VALUES(
"20fa71b714544b9881f60fae91cc1d35",
"198c648b70304d7483c0e10fa1c5525c",
"f4709b9b8faa449daf02194f74ffd11b.jpg",
0,
"1667229568"
);
INSERT INTO tweet_images VALUES(
"ca925d6f37d74d6b9261bb0c8c5559e0",
"a62046b4a2054d9f99608931ef29c4d5",
"e701f27cda9d47e0bfb368ee8da0ac57.jpg",
0,
"1666192768"
);
INSERT INTO tweet_images VALUES(
"00e116e2926541d1932876f60d64f7e7",
"b6173e050d4d4aa9a1fda4eb675f6221",
"05b95fe121cd4e6dbaf8537535cfbc9f.jpg",
0,
"1665501568"
);
INSERT INTO tweet_images VALUES(
"87739451b3d74a0cb649767a9cbec705",
"9a8280289f5547369e7cddbeb1a9aded",
"6d3eafc75f684c6cabf316e30a694733.jpg",
0,
"1676647168"
);
INSERT INTO tweet_images VALUES(
"f3acdbb231e54dec8209a0022016b39d",
"8b0fbf87efbb4e478a27c804e54b3cb3",
"1bb6806142544c56a0a852bde5ad72fb.jpg",
0,
"1676639968"
);
INSERT INTO tweet_images VALUES(
"bd836c5ea82640bc8f2069bfeecfdc34",
"47b32482e78e48d093579c3f683132e1",
"0a4fe639da1f4ee9a6663b3f58587a35.jpg",
0,
"1675430368"
);
INSERT INTO tweet_images VALUES(
"247fdd9df15f4f28b33e3686aee5cf44",
"bccee4843924480eb2d6931306d8fe78",
"d638319190bb438889ed0937c9165ec8.jpg",
0,
"1675257568"
);
INSERT INTO tweet_images VALUES(
"d42f2144fe9146ed8162490a3917515c",
"e596244e073542c79d35725493086937",
"0982cc95f1c94dd89424bd6b82adaeec.jpg",
0,
"1674479968"
);
INSERT INTO tweet_images VALUES(
"429c60a2bafa431da6f841194c1bb985",
"3f335349141f44a494c316ad9ae221fd",
"2509765d56a1433a899e9085c0a9cd6d.jpg",
0,
"1674134368"
);
INSERT INTO tweet_images VALUES(
"7c5f72b7884c446eb50a329b9576f70a",
"5f7b3fff1dc24e7191bc979469b8b96c",
"839bb1e244794a5da287905f8f99f2ea.jpg",
0,
"1674047968"
);
INSERT INTO tweet_images VALUES(
"1ddc77565dde4220b6a37b04a33c2b1a",
"8d92eace86dc43a38170ce37b1d8be7f",
"063da388b0354d8b916e55790a2bf0e3.jpg",
0,
"1673875168"
);
INSERT INTO tweet_images VALUES(
"5e2d89d78c0347638bed142c4d5cd3e3",
"87b42f1e8a104867b46156b54321d2c8",
"a1197371a154438aaa6b9ba095fd375c.jpg",
0,
"1673788768"
);
INSERT INTO tweet_images VALUES(
"ba76e4eccf0b4f89b590f59eb09a8244",
"cc0613085c4c4cb5936e6fe80ccbee29",
"a56d6f7687614a2687ec0a572f164a06.jpg",
0,
"1673443168"
);
INSERT INTO tweet_images VALUES(
"17d6d7a333c24b32a86dd0096e2cf0ea",
"d908a55a28e046fabfd3f17c0df4a6dd",
"5b479f72b43942e9b90e76f3a56a9cb8.jpg",
0,
"1676923228"
);
INSERT INTO tweet_images VALUES(
"363a6b6d449a47cab61894b4567e12d0",
"60e8710079ef4270ab58b2a899f830ea",
"e7f9793f47fe4f3987f9421076c1e8a7.jpg",
0,
"1676908828"
);
INSERT INTO tweet_images VALUES(
"d0c4752d90df41d49ceb4fb9c71acded",
"369cf2b563854d329454fe4e1cd50180",
"2c18896c071c413ba7b5a486db486507.jpg",
0,
"1676883628"
);
INSERT INTO tweet_images VALUES(
"1329d13d91d545baafd34b4f91fbf65d",
"2e0dcbb08cb640159473613c9c3ea846",
"492a20d2d41a460cbeca455d46222aaf.jpg",
0,
"1676854828"
);
INSERT INTO tweet_images VALUES(
"add97f677d5249238ec869ba150f9abe",
"c292b44280144e4c90c478d4cd918963",
"54ebc81108b3499cb34eea26d2a9f8f6.jpg",
0,
"1676812768"
);
INSERT INTO tweet_images VALUES(
"ca56c655b80243889aaa96c21e37c854",
"3f94b2e783d64cbfbf02ca02930c2cb6",
"742a5ff48cd44923b44368555aaa4823.jpg",
0,
"1676805568"
);
INSERT INTO tweet_images VALUES(
"038e37218527449d9a9948cf5fcb03c2",
"c1ddc98ab86e4f3dab760ad3de5f2c6c",
"7d0fc49cfd724209a963d4295c948f1b.jpg",
0,
"1676719168"
);
INSERT INTO tweet_images VALUES(
"fa140188016e42ebb155933d7771889d",
"2dc09c9d72cf439486e1132a8d5b715c",
"5b5a30b53450494eb9c888a448e081a1.jpg",
0,
"1676546368"
);
INSERT INTO tweet_images VALUES(
"80fcc0a646a74d7d837c6813838c372a",
"d6b67fc55de147ae8889f0d6187dcc50",
"c562c04d276e4c6f83a3e541f84687a7.jpg",
0,
"1676459968"
);
INSERT INTO tweet_images VALUES(
"1412e4f80fbf42d1817178f808e42e20",
"1cde54c0b01444f0940c5422ad679381",
"3d4392e7dbe144ed8bb7756c1eb729f9.jpg",
0,
"1676287168"
);

--MANUAL TESTING--
--profile image tweets
INSERT INTO tweets VALUES(
"73eee66e077c41fd8d4a9e2614450518",
"01302392cca04bfca50b7aab67b438a2",
"79719555b96049059e00dd672a37c8e5",
"1684836489",
"0",
"1 image",
"0",
"0",
"0",
"0",
"",
"default");

INSERT INTO tweets VALUES(
"b839286df428480d8e693094ed51afec",
"0dca6667a87e4a56be99506070292b23",
"79719555b96049059e00dd672a37c8e5",
"1684728488",
"0",
"1 image",
"0",
"0",
"0",
"0",
"",
"default");

--TWEET IMAGES FOR PROFILE--
INSERT INTO tweet_images VALUES(
"227e9c08d4bb44e3b80442299f5cb0da",
"73eee66e077c41fd8d4a9e2614450518",
"59bdcf753d0a41eb9f4b122f1ddb4df0.jpg",
0,
"1676287168"
);
INSERT INTO tweet_images VALUES(
"6004aeaa0deb4c5090577a0570f179c3",
"73eee66e077c41fd8d4a9e2614450518",
"0e3992695687482ca4353df97360dd2e.jpg",
1,
"1676287168"
);
INSERT INTO tweet_images VALUES(
"cffbfbfa5e7440c0b1a04bb2bef6bf82",
"73eee66e077c41fd8d4a9e2614450518",
"2af42445a39c4cf68d5f71be570be32b.jpg",
2,
"1676287168"
);
INSERT INTO tweet_images VALUES(
"651f6e4c66234c67b7b57b3d9f78dc02",
"73eee66e077c41fd8d4a9e2614450518",
"832f5ac15c474ce4b0e918efe3f8d0fb.jpg",
3,
"1676287168"
);
INSERT INTO tweet_images VALUES(
"6c07d9227bd546579c0b7cadb80e9897",
"b839286df428480d8e693094ed51afec",
"a4bff06e0a9b4b9c9bfd831a6e462e91.jpg",
0,
"1684728488"
);
INSERT INTO tweet_images VALUES(
"b9508208eef744cda483402ee2c6c27b",
"b839286df428480d8e693094ed51afec",
"209cb256b1f2415c92a4014db15c503b.jpg",
1,
"1684728488"
);

DELETE FROM tweet_images WHERE tweet_image_id = "651f6e4c66234c67b7b57b3d9f78dc02"; 

DELETE FROM tweet_images WHERE tweet_image_tweet_fk = "b839286df428480d8e693094ed51afec"; 

DELETE FROM tweets WHERE tweet_id = "0497ba7c0bf841a2bbe4018f411f1612"; 

DELETE FROM users WHERE user_id = "7b84f0ebbb5842249ec95cb1eeba44c9"; 

UPDATE users
SET user_total_followers = 9999
WHERE user_name = "my_name_cleo";

SELECT * FROM tweets
JOIN users ON users.user_id = tweets.tweet_user_fk
JOIN tweet_images ON tweets.tweet_id = tweet_images.tweet_images_tweet_fk
WHERE users.user_name = "my_name_cleo";